{"flutter":{"platforms":{"android":{"default":{"projectId":"task-management-96214","appId":"1:1054799797495:android:d7ccc9d32692387b6a07f2","fileOutput":"android/app/google-services.json"}},"dart":{"lib/firebase_options.dart":{"projectId":"task-management-96214","configurations":{"android":"1:1054799797495:android:d7ccc9d32692387b6a07f2","ios":"1:1054799797495:ios:3841b63bf45654346a07f2","macos":"1:1054799797495:ios:3841b63bf45654346a07f2","web":"1:1054799797495:web:6cc9963193ac5d206a07f2","windows":"1:1054799797495:web:fb5c9ec2f2f736306a07f2"}}}}}}